is_cointegrated,p_value,critical_values,test_statistic,hedge_ratio,regression_results,symbol1,symbol2,data_points,start_date,end_date,correlation,spread_mean,spread_std,spread_min,spread_max,spread_skewness,spread_kurtosis,spread_half_life
True,2.3774209399355218e-08,[-3.90278178 -3.33966413 -3.04690247],-6.8127672212363235,4.844820672273834,<statsmodels.regression.linear_model.RegressionResultsWrapper object at 0x7fab78ec13d0>,ETHFIUSDT,MAGICUSDT,1731,2024-03-18T12:00:00,2024-12-31T20:00:00,0.9465371879165463,-0.06870725249732054,0.4667323097845691,-2.126394234274245,2.466042281675115,0.49128326904186576,3.8549107854142117,6.124967207944867
True,2.6012638651514775e-06,[-3.90313045 -3.33985821 -3.04703711],-5.904527049060774,604.1514933600114,<statsmodels.regression.linear_model.RegressionResultsWrapper object at 0x7fabb8c11e50>,BCHUSDT,ENAUSDT,1641,2024-04-02T12:00:00,2024-12-31T20:00:00,0.8868716958947223,51.16498465765328,111.59468237346543,-276.36899523446954,211.42962107495225,-0.6988196080697223,-0.5527188504845424,9.915307383525596
True,6.501814241533576e-06,[-3.90278178 -3.33966413 -3.04690247],-5.715451227790482,2.1231641824061405,<statsmodels.regression.linear_model.RegressionResultsWrapper object at 0x7fab99342370>,CYBERUSDT,ETHFIUSDT,1731,2024-03-18T12:00:00,2024-12-31T20:00:00,0.934379407525367,-0.039888770884424066,1.1222550245596596,-3.7728151306630995,6.406270139101118,1.8923757819923714,7.098192951988686,6.159026236911265
True,2.5604433529255183e-05,[-3.90250436 -3.3395097  -3.04679533],-5.422429871031249,0.057720744982857654,<statsmodels.regression.linear_model.RegressionResultsWrapper object at 0x7fab8b0a0e50>,MYROUSDT,WIFUSDT,1810,2024-03-05T08:00:00,2024-12-31T20:00:00,0.5446232141617057,-9.130907223946936e-05,0.06127281165958698,-0.10745919063568671,0.2980475708999738,1.784566906430771,4.44726621416432,7.451245436904659
True,2.9362355085668816e-05,[-3.90143643 -3.33891506 -3.04638277],-5.392394238752145,4.486314517365123,<statsmodels.regression.linear_model.RegressionResultsWrapper object at 0x7fab8ac83340>,OPUSDT,SEIUSDT,2196,2024-01-01T00:00:00,2024-12-31T20:00:00,0.9390865123724714,0.013605105083429695,0.2971789856169325,-1.1803078417037884,1.4740011587560375,0.10912810562844844,1.2669765237914365,5.62670797657917
True,7.475169642677338e-05,[-3.9035197  -3.34007484 -3.04718739],-5.18321375175527,0.4102395839692096,<statsmodels.regression.linear_model.RegressionResultsWrapper object at 0x7fab99348220>,CYBERUSDT,OMNIUSDT,1551,2024-04-17T12:00:00,2024-12-31T20:00:00,0.9243874451646251,-0.026309009726810686,0.8100728493461786,-4.6936318947248825,3.4558676779656707,0.5852466952381142,2.571257441801854,4.379165398459927
True,8.898966470410241e-05,[-3.90143643 -3.33891506 -3.04638277],-5.143304125001268,10.9734782839596,<statsmodels.regression.linear_model.RegressionResultsWrapper object at 0x7fab8b04d2b0>,INJUSDT,OPUSDT,2196,2024-01-01T00:00:00,2024-12-31T20:00:00,0.9369761708843821,0.8765585565995642,3.5609229931271145,-13.484315719945755,8.57454277555442,-0.8058137458846719,0.4133899286367142,7.333315421567474
True,0.0001294379984083085,[-3.90278178 -3.33966413 -3.04690247],-5.0565084679662995,0.29457792283769735,<statsmodels.regression.linear_model.RegressionResultsWrapper object at 0x7fab998f9d30>,ARBUSDT,ETHFIUSDT,1731,2024-03-18T12:00:00,2024-12-31T20:00:00,0.9066652409005873,0.055314297005477284,0.17286528856466776,-0.6800975060257779,0.7501728872740805,-0.1501491644684218,1.374915103298195,7.462326164874458
True,0.0001687827216696916,[-3.90278178 -3.33966413 -3.04690247],-4.994130360039668,0.781030084142982,<statsmodels.regression.linear_model.RegressionResultsWrapper object at 0x7fab9937f370>,ETHFIUSDT,WLDUSDT,1731,2024-03-18T12:00:00,2024-12-31T20:00:00,0.8954449955146466,0.14543077110648506,0.6502520034517383,-3.7313046793294236,1.7089895883908435,-2.0270779318111014,8.43703303280413,4.875122187725849
True,0.0004168634390023589,[-3.90278178 -3.33966413 -3.04690247],-4.775438446446387,9.238575860332194,<statsmodels.regression.linear_model.RegressionResultsWrapper object at 0x7fab99379310>,ETHFIUSDT,MAVUSDT,1731,2024-03-18T12:00:00,2024-12-31T20:00:00,0.9464482027056341,-0.0013207172353199238,0.4343305993366638,-1.9037852680207141,2.1402606507437802,-0.6548377697075236,2.3857749294287314,5.5265429800429295
True,0.00047833306219720653,[-3.90250436 -3.3395097  -3.04679533],-4.741248026498734,0.025883782781761018,<statsmodels.regression.linear_model.RegressionResultsWrapper object at 0x7fab8b09a970>,MYROUSDT,NEARUSDT,1810,2024-03-05T08:00:00,2024-12-31T20:00:00,0.6812730029198728,-0.00378565871118852,0.05614205734392014,-0.08471776546982651,0.3087055692066295,1.7171067476219017,3.982271799112497,6.660543224370601
True,0.000658913470640474,[-3.90278178 -3.33966413 -3.04690247],-4.660593725126315,0.37723251978914746,<statsmodels.regression.linear_model.RegressionResultsWrapper object at 0x7fab7853f6d0>,ETHFIUSDT,TIAUSDT,1731,2024-03-18T12:00:00,2024-12-31T20:00:00,0.8981054871505441,-0.07229377152893507,0.6236135149274689,-2.3882891632948766,2.66664473983849,0.638052723013007,0.9109232086443582,8.364763672816878
True,0.0006634865318523784,[-3.90143643 -3.33891506 -3.04638277],-4.658835398489381,49.553345483149094,<statsmodels.regression.linear_model.RegressionResultsWrapper object at 0x7fab8b04d490>,INJUSDT,SEIUSDT,2196,2024-01-01T00:00:00,2024-12-31T20:00:00,0.9285876782308934,0.8558186193807374,3.6600549772846,-15.300270981719926,9.586061088187705,-0.45249916974477034,0.5929097251429498,6.9578938844714875
True,0.000694700616423341,[-3.90143643 -3.33891506 -3.04638277],-4.647129492910554,0.26422404716303727,<statsmodels.regression.linear_model.RegressionResultsWrapper object at 0x7fab99364100>,DOTUSDT,ETCUSDT,2196,2024-01-01T00:00:00,2024-12-31T20:00:00,0.9282106342973473,-0.05759610700765681,0.727167235475175,-1.7360043376203462,2.695561549908988,1.049523122623034,1.3403825479299911,7.425980097254926
True,0.0007457779484150484,[-3.90143643 -3.33891506 -3.04638277],-4.629000902996415,1.371056197744201,<statsmodels.regression.linear_model.RegressionResultsWrapper object at 0x7faba1700d60>,AVAXUSDT,ETCUSDT,2196,2024-01-01T00:00:00,2024-12-31T20:00:00,0.8811865856086698,-0.15020801910453302,4.370425245927485,-10.846205518207633,20.563108376074226,1.2408479656394575,2.7464706808927914,8.71059332340271
True,0.0008036187994710936,[-3.90225328 -3.33936991 -3.04669835],-4.609829531123204,7.502944003361041,<statsmodels.regression.linear_model.RegressionResultsWrapper object at 0x7fabb9913d60>,INJUSDT,MAVIAUSDT,1888,2024-02-21T08:00:00,2024-12-31T20:00:00,0.8685038503646948,5.123256425263355,8.375369422360693,-29.676979970287277,20.086047171089326,-1.1484508081958862,1.2051344377846522,9.296750946372669
True,0.001008823613351542,[-3.9035197  -3.34007484 -3.04718739],-4.550912188738552,1.9532871588722704,<statsmodels.regression.linear_model.RegressionResultsWrapper object at 0x7fab8b0b6670>,OMNIUSDT,TONUSDT,1551,2024-04-17T12:00:00,2024-12-31T20:00:00,0.44387236932637414,-0.052297211045015064,4.141033919352784,-6.179566340115181,19.126239160910856,1.700591157987872,2.7773791857003722,5.156337678286759
True,0.0014210224203115302,[-3.9035197  -3.34007484 -3.04718739],-4.460505470397793,0.16554247887254003,<statsmodels.regression.linear_model.RegressionResultsWrapper object at 0x7fab8b085700>,MAVIAUSDT,OMNIUSDT,1551,2024-04-17T12:00:00,2024-12-31T20:00:00,0.8805999832979193,0.0123598537181556,0.3940490641821345,-2.383327694626192,1.4220848101560777,-0.37454810952470147,2.160549896646006,4.135024478130892
True,0.0015073086749168955,[-3.90143643 -3.33891506 -3.04638277],-4.444738399664217,84.81884363844145,<statsmodels.regression.linear_model.RegressionResultsWrapper object at 0x7faba9995970>,ORDIUSDT,SEIUSDT,2196,2024-01-01T00:00:00,2024-12-31T20:00:00,0.8732283099526384,0.8396459515942728,7.942307284871419,-23.430575881594464,27.88813896350075,-0.11663842165120016,-0.40859581822167135,6.979785228743848
True,0.001521100601737316,[-3.90225328 -3.33936991 -3.04669835],-4.442296451693361,0.49268651219038645,<statsmodels.regression.linear_model.RegressionResultsWrapper object at 0x7fab993933d0>,FETUSDT,MAVIAUSDT,1888,2024-02-21T08:00:00,2024-12-31T20:00:00,0.7033757575514312,0.33834427096940994,0.6410832221271684,-2.685254185019322,1.1960670050191884,-2.5982281949223043,7.628245053188792,6.105419038747333
True,0.0015914516170362782,[-3.90335869 -3.33998523 -3.04712523],-4.430152203417815,0.08276818243144267,<statsmodels.regression.linear_model.RegressionResultsWrapper object at 0x7faba99a51f0>,ORDIUSDT,TAOUSDT,1587,2024-04-11T12:00:00,2024-12-31T20:00:00,0.31049935844828164,2.359807402392005,10.617163171583057,-19.915610133533512,31.298823917178073,0.0769643241192799,-0.7013132195271337,13.48229120770007
True,0.0018336226254775673,[-3.9035197  -3.34007484 -3.04718739],-4.391853986895187,0.04228347372974396,<statsmodels.regression.linear_model.RegressionResultsWrapper object at 0x7fab8b07cd60>,MAGICUSDT,OMNIUSDT,1551,2024-04-17T12:00:00,2024-12-31T20:00:00,0.934016673182185,0.012762918821602728,0.07006901064772307,-0.5872333550966576,0.20035792081842263,-2.165231221295848,11.258112917056653,2.772994472086323
True,0.001931640493917988,[-3.90225328 -3.33936991 -3.04669835],-4.377675942731423,0.005809828981600946,<statsmodels.regression.linear_model.RegressionResultsWrapper object at 0x7fab78dda0d0>,1000SHIBUSDT,MAVIAUSDT,1888,2024-02-21T08:00:00,2024-12-31T20:00:00,0.48209308217531355,0.005183652579506492,0.009287857217988447,-0.03546055088821479,0.02157093091877163,-1.7804956222092663,4.859653662116879,7.047511086911023
True,0.002193655899377527,[-3.90143643 -3.33891506 -3.04638277],-4.3428172369072175,0.00015709514286488366,<statsmodels.regression.linear_model.RegressionResultsWrapper object at 0x7fab99aea0a0>,1000BONKUSDT,SOLUSDT,2196,2024-01-01T00:00:00,2024-12-31T20:00:00,0.8685441512047667,-0.00047716222679759237,0.00490120573480655,-0.009890075332969147,0.022090158938189657,0.9868701679154421,0.9259600210072421,8.293415815441298
True,0.0022874996140733943,[-3.90143643 -3.33891506 -3.04638277],-4.331265273899187,0.003684839159513989,<statsmodels.regression.linear_model.RegressionResultsWrapper object at 0x7fab8b1d3250>,1000SHIBUSDT,NEARUSDT,2196,2024-01-01T00:00:00,2024-12-31T20:00:00,0.8669740697386445,-0.00011694954983740043,0.003390071057746964,-0.006402284464273766,0.028174585180470408,2.033728875859337,8.756563079464971,7.5050072591576935
True,0.0024611533481714147,[-3.90143643 -3.33891506 -3.04638277],-4.31099920505249,4.497277198855706,<statsmodels.regression.linear_model.RegressionResultsWrapper object at 0x7fab8ac89820>,ORDIUSDT,TIAUSDT,2196,2024-01-01T00:00:00,2024-12-31T20:00:00,0.8914213057735196,3.5094710236979796,9.971523772530695,-31.740676398959636,26.79191254958213,-1.0011237639988606,0.9844976705951449,9.591799999742651
True,0.00247972080347593,[-3.90335869 -3.33998523 -3.04712523],-4.3089111350427824,0.0003976548750841493,<statsmodels.regression.linear_model.RegressionResultsWrapper object at 0x7fab8b226760>,CFXUSDT,TAOUSDT,1587,2024-04-11T12:00:00,2024-12-31T20:00:00,0.4727531710240395,0.009224682018152347,0.045997111368191804,-0.09613307429665605,0.11406032217699569,-0.3502150632039738,-1.229885216068894,12.049137552678701
True,0.0024898388803489286,[-3.90143643 -3.33891506 -3.04638277],-4.307779340420026,66.85409402540702,<statsmodels.regression.linear_model.RegressionResultsWrapper object at 0x7fab8b045d90>,INJUSDT,MAVUSDT,2196,2024-01-01T00:00:00,2024-12-31T20:00:00,0.8621362227660128,2.9895940419203457,6.956322892865055,-19.004285891236698,16.17258258963078,-0.5740259886588449,-0.47539689434060683,12.99216130036559
True,0.002566561767830145,[-3.90278178 -3.33966413 -3.04690247],-4.2993328267583575,1.6430000122684734,<statsmodels.regression.linear_model.RegressionResultsWrapper object at 0x7faba21f2d60>,ETHFIUSDT,LDOUSDT,1731,2024-03-18T12:00:00,2024-12-31T20:00:00,0.9001111202696684,-0.0968240390184003,0.655553140950209,-1.2436731387892324,3.0637767636558744,1.150102162154943,1.1293859141063867,10.491631715308433
True,0.002616247265063428,[-3.90278178 -3.33966413 -3.04690247],-4.293986361037912,1.0805046730769887,<statsmodels.regression.linear_model.RegressionResultsWrapper object at 0x7fab78ec14f0>,ETHFIUSDT,MAVIAUSDT,1731,2024-03-18T12:00:00,2024-12-31T20:00:00,0.8530414196102892,0.16742106617884547,0.7605795188212107,-3.508463967458095,1.9040436536440257,-1.5280625775611503,6.415883626528881,5.875449779013621
True,0.0026266414460155985,[-3.90225328 -3.33936991 -3.04669835],-4.292879743037379,0.06405313385344683,<statsmodels.regression.linear_model.RegressionResultsWrapper object at 0x7fab8b21fa30>,CFXUSDT,MAVIAUSDT,1888,2024-02-21T08:00:00,2024-12-31T20:00:00,0.8476927718561155,0.031393014786696455,0.06397190918340058,-0.28184665095068573,0.15095970980243384,-2.336275005788978,6.621843250246727,6.907609091455939
True,0.0027455782235799395,[-3.9035197  -3.34007484 -3.04718739],-4.280496764089134,1.8054556172315115,<statsmodels.regression.linear_model.RegressionResultsWrapper object at 0x7fab78a001c0>,OMNIUSDT,TIAUSDT,1551,2024-04-17T12:00:00,2024-12-31T20:00:00,0.9112641961157062,-0.16918138890907003,1.9771545722210115,-5.294058361440751,12.527440294944522,1.2350741276967523,3.322509652703907,3.8868109392185275
True,0.0028505588071529885,[-3.90278178 -3.33966413 -3.04690247],-4.269971043064356,0.20592428987352385,<statsmodels.regression.linear_model.RegressionResultsWrapper object at 0x7fab99373a00>,EDUUSDT,ETHFIUSDT,1731,2024-03-18T12:00:00,2024-12-31T20:00:00,0.7140797391064422,0.08279636939980958,0.19828579735425464,-0.5330855429869175,0.5504828086389141,-0.6502585474821962,-0.7532406644858058,13.4494672132738
True,0.002991299871776237,[-3.90225328 -3.33936991 -3.04669835],-4.256406581316099,0.3613324937362579,<statsmodels.regression.linear_model.RegressionResultsWrapper object at 0x7fabb8f4d2b0>,MAVIAUSDT,TIAUSDT,1888,2024-02-21T08:00:00,2024-12-31T20:00:00,0.9649124596001913,-0.2021507108288118,0.6579004248956125,-1.2692749730921906,3.4339425793099174,1.6455789033342827,3.2123097265775202,7.839395593641021
True,0.0031667926893231228,[-3.90143643 -3.33891506 -3.04638277],-4.240292695335466,12.83453299690104,<statsmodels.regression.linear_model.RegressionResultsWrapper object at 0x7fab8b045700>,INJUSDT,LDOUSDT,2196,2024-01-01T00:00:00,2024-12-31T20:00:00,0.8997842095434165,1.2968739106698333,4.646914505579897,-12.063452775180991,12.630190574642189,-0.17379325981945232,-0.7811871362884983,9.027683697252327
True,0.0032522722475197747,[-3.90211179 -3.33929113 -3.0466437 ],-4.232739220142388,9.613808316598716,<statsmodels.regression.linear_model.RegressionResultsWrapper object at 0x7fab78a31b50>,OMUSDT,TRXUSDT,1935,2024-02-13T12:00:00,2024-12-31T20:00:00,0.8988370327957148,-0.15409048659883506,0.6839342280437175,-1.1508094757846612,2.3603739766894654,1.5563032840344377,1.9622121529798524,21.12933681681839
True,0.003268481783299234,[-3.9035197  -3.34007484 -3.04718739],-4.231327463144111,0.12611583448596286,<statsmodels.regression.linear_model.RegressionResultsWrapper object at 0x7fab8b05bf40>,LDOUSDT,OMNIUSDT,1551,2024-04-17T12:00:00,2024-12-31T20:00:00,0.797844999883675,0.08074574460170343,0.34991651432442106,-2.023613185754568,0.8863961189808971,-1.2064552464479734,4.723653500104645,4.362423892907106
True,0.0033047993978217926,[-3.90189429 -3.33917003 -3.04655967],-4.228187616612108,0.17902776542828247,<statsmodels.regression.linear_model.RegressionResultsWrapper object at 0x7fab99b1de50>,1000FLOKIUSDT,JUPUSDT,2012,2024-01-31T16:00:00,2024-12-31T20:00:00,0.7593621762656417,-0.0010922904503642972,0.04024056850654453,-0.10276371484404523,0.1609878011399645,0.671492534596914,0.9952569569633405,8.821180678700857
True,0.003415623788843936,[-3.90143643 -3.33891506 -3.04638277],-4.218798460356111,934.2329693115807,<statsmodels.regression.linear_model.RegressionResultsWrapper object at 0x7fab8b1eb3d0>,AAVEUSDT,TRXUSDT,2196,2024-01-01T00:00:00,2024-12-31T20:00:00,0.9064036050532862,-4.695309745637376,30.894642880258584,-164.38196520749094,147.63894087545015,2.0448511894313945,6.24903439142741,10.947109129157198
True,0.0047088960550847455,[-3.90143643 -3.33891506 -3.04638277],-4.126029468623881,34.7991348958103,<statsmodels.regression.linear_model.RegressionResultsWrapper object at 0x7fabb9913820>,INJUSDT,MAGICUSDT,2196,2024-01-01T00:00:00,2024-12-31T20:00:00,0.904727186197639,2.4080931934039884,5.9438695971343085,-16.217293801321517,13.17687878084502,-0.5924990514866136,-0.3186767541947586,12.878636080119385
True,0.004838598453779676,[-3.90143643 -3.33891506 -3.04638277],-4.1180607028563685,0.149934733510813,<statsmodels.regression.linear_model.RegressionResultsWrapper object at 0x7faba96f0df0>,EDUUSDT,WLDUSDT,2196,2024-01-01T00:00:00,2024-12-31T20:00:00,0.7931469264345009,0.12249704212019968,0.22316311535683625,-0.7616864473430012,0.4481395992919641,-1.035104703220143,-0.0146801851520455,14.669434197984746
True,0.0048830926382516515,[-3.90250436 -3.3395097  -3.04679533],-4.115371840463278,4.009080880738835,<statsmodels.regression.linear_model.RegressionResultsWrapper object at 0x7faba21b9850>,EDUUSDT,MYROUSDT,1810,2024-03-05T08:00:00,2024-12-31T20:00:00,0.8213054793573711,0.07650795142436774,0.18009522806226497,-0.797961779467746,0.365977321448429,-0.8081083791260378,0.8200543126781983,6.925261342435766
True,0.005011170837242773,[-3.90225328 -3.33936991 -3.04669835],-4.107754606953493,0.0693860218780323,<statsmodels.regression.linear_model.RegressionResultsWrapper object at 0x7fab8b08baf0>,MAVIAUSDT,ORDIUSDT,1888,2024-02-21T08:00:00,2024-12-31T20:00:00,0.892681392966354,-0.21669827274009676,1.0504917595327465,-1.6076601687116332,4.0941961185497115,1.36713159782966,1.26053473868392,9.294490523774542
True,0.005022967103550713,[-3.90211179 -3.33929113 -3.0466437 ],-4.107061990016911,284.79298767030843,<statsmodels.regression.linear_model.RegressionResultsWrapper object at 0x7fab8b1fd490>,BNBUSDT,OMUSDT,1935,2024-02-13T12:00:00,2024-12-31T20:00:00,0.6757351784541717,202.44761443157344,256.2725031417178,-610.1978324347583,538.0009143671239,-1.6981984811624335,1.5982580109801288,109.08561028661833
True,0.005610802519807456,[-3.90143643 -3.33891506 -3.04638277],-4.07429356188167,0.15598993715584647,<statsmodels.regression.linear_model.RegressionResultsWrapper object at 0x7fab8b093490>,MAVUSDT,OPUSDT,2196,2024-01-01T00:00:00,2024-12-31T20:00:00,0.9140158323723145,-0.01223832431440804,0.08179875788310571,-0.22423083441204966,0.2879824818624228,0.8787993732680222,0.4738162884036101,9.865108418139208
True,0.005690539340971936,[-3.90143643 -3.33891506 -3.04638277],-4.070091647005484,1.5222608631307681,<statsmodels.regression.linear_model.RegressionResultsWrapper object at 0x7fab999008b0>,ARBUSDT,MAGICUSDT,2196,2024-01-01T00:00:00,2024-12-31T20:00:00,0.9748841793633269,0.0005890473988413162,0.11730520602864183,-0.4065525474015508,0.5680082162085154,0.8648505060282456,3.384688957482515,7.766627616032449
True,0.0057811980450412975,[-3.90143643 -3.33891506 -3.04638277],-4.065378630183586,0.002545493083978797,<statsmodels.regression.linear_model.RegressionResultsWrapper object at 0x7fab998db5b0>,ALGOUSDT,LTCUSDT,2196,2024-01-01T00:00:00,2024-12-31T20:00:00,0.915730117631155,-0.00742150990163984,0.0507874453962682,-0.0694465348460453,0.25042699280607467,1.83391340894277,3.5202397381671053,14.17555957984974
True,0.005799431135314875,[-3.90189429 -3.33917003 -3.04655967],-4.06443886732984,0.38674945469854427,<statsmodels.regression.linear_model.RegressionResultsWrapper object at 0x7fab8b05b400>,JUPUSDT,WIFUSDT,2012,2024-01-31T16:00:00,2024-12-31T20:00:00,0.8879417055073261,0.052881961047406306,0.1738007944605289,-0.48276389970033917,0.5652457626886176,0.26655144335940695,0.03250069664206068,6.974617569435514
True,0.006529683073190067,[-3.90211179 -3.33929113 -3.0466437 ],-4.028842101731849,0.006563218287557743,<statsmodels.regression.linear_model.RegressionResultsWrapper object at 0x7fab8b1bed90>,1000PEPEUSDT,OMUSDT,1935,2024-02-13T12:00:00,2024-12-31T20:00:00,0.8478156729420544,0.0020968996301083667,0.0037570182876899695,-0.00910805085009394,0.014120622908051928,-0.05055054053555896,0.4880944334705144,12.589800613316841
True,0.00681392360346293,[-3.90225328 -3.33936991 -3.04669835],-4.015955140327252,0.7428468839648605,<statsmodels.regression.linear_model.RegressionResultsWrapper object at 0x7fab8b093580>,MAVIAUSDT,WLDUSDT,1888,2024-02-21T08:00:00,2024-12-31T20:00:00,0.968208159150912,-0.024536817407273728,0.4565052942823402,-1.07196181365611,2.6367248249144426,1.117342283743128,3.8934505179158743,3.9688580545691923
True,0.006838529033616868,[-3.90143643 -3.33891506 -3.04638277],-4.014862555896524,0.015960098805590187,<statsmodels.regression.linear_model.RegressionResultsWrapper object at 0x7fab99ec9f40>,MAGICUSDT,ORDIUSDT,2196,2024-01-01T00:00:00,2024-12-31T20:00:00,0.9165017987894561,-0.02100346121073728,0.14854956592083224,-0.313376764703197,0.5522120215176982,0.6623444540512096,0.1968248652720761,10.453739974376184
True,0.007087747731916777,[-3.90143643 -3.33891506 -3.04638277],-4.003991980357993,0.4032038612117767,<statsmodels.regression.linear_model.RegressionResultsWrapper object at 0x7fabb8a4ba60>,ALGOUSDT,CRVUSDT,2196,2024-01-01T00:00:00,2024-12-31T20:00:00,0.9176890370177998,0.005962701324563626,0.03570597705988055,-0.08901114688759801,0.23935661684932136,2.20069319831058,10.90599573410452,7.733731492910263
True,0.007264946430435886,[-3.90313045 -3.33985821 -3.04703711],-3.996470824169403,0.26617204726304367,<statsmodels.regression.linear_model.RegressionResultsWrapper object at 0x7fab787e1190>,CFXUSDT,ENAUSDT,1641,2024-04-02T12:00:00,2024-12-31T20:00:00,0.7790172203563878,0.01995098393528999,0.05128834530240823,-0.15210369754227432,0.18007745943576295,-0.7166497144798373,0.4595689227425952,8.876731812100092
True,0.0075390073433964245,[-3.90143643 -3.33891506 -3.04638277],-3.9851581280025954,2.7148502379350314,<statsmodels.regression.linear_model.RegressionResultsWrapper object at 0x7fab78fbbf10>,LDOUSDT,MAGICUSDT,2196,2024-01-01T00:00:00,2024-12-31T20:00:00,0.9504771226021306,0.08412395845168533,0.29957404119164643,-1.1164287272491138,1.1578485765653053,-0.2697933264226468,0.8661098356186572,8.600629109005899
True,0.0075587766795730095,[-3.90143643 -3.33891506 -3.04638277],-3.9843564997601195,178.60956763437164,<statsmodels.regression.linear_model.RegressionResultsWrapper object at 0x7faba21d5520>,ENSUSDT,HBARUSDT,2196,2024-01-01T00:00:00,2024-12-31T20:00:00,0.7650836578952763,3.9961590577232,7.597051983698399,-28.042704897108337,19.11249644026951,-1.0866199681590851,1.0339737467601582,13.302008127104964
True,0.007727404399969427,[-3.90143643 -3.33891506 -3.04638277],-3.9775945559044144,0.052033435159331266,<statsmodels.regression.linear_model.RegressionResultsWrapper object at 0x7fab8ac7be50>,OPUSDT,ORDIUSDT,2196,2024-01-01T00:00:00,2024-12-31T20:00:00,0.9161960959669047,0.008306531888147983,0.3445032438089085,-0.9781132309577334,1.0360514379591723,0.2726078267428329,-0.03487080162357126,7.428475380162372
True,0.007944999506079372,[-3.90250436 -3.3395097  -3.04679533],-3.9690627646154217,5.7258070559212015,<statsmodels.regression.linear_model.RegressionResultsWrapper object at 0x7fab8b054850>,JUPUSDT,MYROUSDT,1810,2024-03-05T08:00:00,2024-12-31T20:00:00,0.5002754509917836,0.16066695784144755,0.36223617647154754,-1.817663157554997,0.65560314804406,-2.1640938509000884,6.188740895840754,6.749654764229662
True,0.00829757407152884,[-3.90278178 -3.33966413 -3.04690247],-3.95567491379518,0.06754919891206791,<statsmodels.regression.linear_model.RegressionResultsWrapper object at 0x7fab8b219eb0>,CFXUSDT,ETHFIUSDT,1731,2024-03-18T12:00:00,2024-12-31T20:00:00,0.789275920661428,0.014691010450833417,0.05614749988625137,-0.1397022210568065,0.26846545835716806,0.085490988225446,1.6139060504653142,9.200063962806201
True,0.008663936264208298,[-3.90225328 -3.33936991 -3.04669835],-3.942294746339822,0.192193234925169,<statsmodels.regression.linear_model.RegressionResultsWrapper object at 0x7faba21b93a0>,EDUUSDT,MAVIAUSDT,1888,2024-02-21T08:00:00,2024-12-31T20:00:00,0.8036837826165373,0.13993341767722,0.23331727665567342,-0.8145528877933655,0.5410237968488116,-1.3614233017106638,1.0852159412251057,8.530874042425367
True,0.008955154245430669,[-3.90189429 -3.33917003 -3.04655967],-3.9320166401225207,0.02144591175143375,<statsmodels.regression.linear_model.RegressionResultsWrapper object at 0x7fab8b1cd970>,1000SHIBUSDT,JUPUSDT,2012,2024-01-31T16:00:00,2024-12-31T20:00:00,0.7350565897747352,0.00010604518322256683,0.004312692080912995,-0.010187536178694317,0.03145267250474472,2.3348935948216685,9.523476033387434,8.959356082664609
True,0.008968509787193277,[-3.90211179 -3.33929113 -3.0466437 ],-3.9315525047455124,36231.81413916322,<statsmodels.regression.linear_model.RegressionResultsWrapper object at 0x7fab8b2114f0>,BTCUSDT,OMUSDT,1935,2024-02-13T12:00:00,2024-12-31T20:00:00,0.8979633646672384,21602.017289145584,27293.810487164017,-64704.21565165346,61532.169278717076,-1.4355824875472116,1.1621793790380477,52.23572232305349
True,0.009102122997508384,[-3.90225328 -3.33936991 -3.04669835],-3.9269429520284764,0.4868137574516207,<statsmodels.regression.linear_model.RegressionResultsWrapper object at 0x7fab8b0857f0>,MAVIAUSDT,NEARUSDT,1888,2024-02-21T08:00:00,2024-12-31T20:00:00,0.40435957307609,-0.024412090573605924,1.6663874270076133,-1.9816276585790624,6.384401037397212,1.8973381435188172,2.862105607138245,8.173686449670514
True,0.009387510873620745,[-3.9035197  -3.34007484 -3.04718739],-3.9172970146519885,12.877815594715948,<statsmodels.regression.linear_model.RegressionResultsWrapper object at 0x7fabb87fd4f0>,OMNIUSDT,XTZUSDT,1551,2024-04-17T12:00:00,2024-12-31T20:00:00,0.2989639578998381,0.6572569080362402,4.875634847268293,-9.848276300443803,18.966364603345873,-0.01636669123422414,0.1833544238534741,7.968153960582974
True,0.00960874400230439,[-3.90313045 -3.33985821 -3.04703711],-3.9099985588573416,0.8436178694803168,<statsmodels.regression.linear_model.RegressionResultsWrapper object at 0x7fab78e22700>,EDUUSDT,ENAUSDT,1641,2024-04-02T12:00:00,2024-12-31T20:00:00,0.4466745468588864,0.0975867664739992,0.22549432335674838,-0.4819768622074856,0.42934853221913666,-0.5763164747978126,-0.7230368978999149,15.23679943519666
True,0.009828512926315971,[-3.90143643 -3.33891506 -3.04638277],-3.9028958261888254,0.3058075454213064,<statsmodels.regression.linear_model.RegressionResultsWrapper object at 0x7fab99ed6fa0>,MAGICUSDT,OPUSDT,2196,2024-01-01T00:00:00,2024-12-31T20:00:00,0.9508084022708403,-0.02136464547426919,0.1203246922798292,-0.24192433201808222,0.48587963589215855,0.8999883122149787,0.8774119008081462,11.301421028985056
True,0.009899890339058552,[-3.90143643 -3.33891506 -3.04638277],-3.9006195238573174,693.9131118982997,<statsmodels.regression.linear_model.RegressionResultsWrapper object at 0x7faba21e4670>,ETCUSDT,GALAUSDT,2196,2024-01-01T00:00:00,2024-12-31T20:00:00,0.8790692330187594,2.223322459411878,5.757901270954987,-21.26218827182226,11.78052858538896,-1.1861756977882223,0.9395125179402433,12.165763563463944
True,0.010582887565328448,[-3.90143643 -3.33891506 -3.04638277],-3.8795497792011586,1.9306059713021115,<statsmodels.regression.linear_model.RegressionResultsWrapper object at 0x7fab99eb8790>,MAGICUSDT,MAVUSDT,2196,2024-01-01T00:00:00,2024-12-31T20:00:00,0.9706528631705834,0.013318146315224131,0.0853742209610194,-0.49624096266421924,0.3677695216149207,-0.9700013588167541,5.179101725550186,5.521325789367153
True,0.010619805283336831,[-3.90143643 -3.33891506 -3.04638277],-3.878445842957035,2.684544593584383,<statsmodels.regression.linear_model.RegressionResultsWrapper object at 0x7fab8b1ebe20>,ADAUSDT,ALGOUSDT,2196,2024-01-01T00:00:00,2024-12-31T20:00:00,0.9541613621535591,0.011264938503005334,0.06794279201381136,-0.29430165259380936,0.3226714047210033,0.9158234321763248,3.780441250391015,7.496547941935949
True,0.010783614588834568,[-3.9035197  -3.34007484 -3.04718739],-3.873588442103951,0.04540296601013619,<statsmodels.regression.linear_model.RegressionResultsWrapper object at 0x7fab78e5c670>,EDUUSDT,OMNIUSDT,1551,2024-04-17T12:00:00,2024-12-31T20:00:00,0.4872073390216223,0.06034356840454416,0.18259031345864,-0.8851000056344248,0.4218935238984868,-1.674622347204762,3.0409343217947846,4.4962068049166115
True,0.011356586538206263,[-3.90143643 -3.33891506 -3.04638277],-3.857100321764259,3.7097226131165973e-07,<statsmodels.regression.linear_model.RegressionResultsWrapper object at 0x7fab9997ba00>,1000BONKUSDT,BTCUSDT,2196,2024-01-01T00:00:00,2024-12-31T20:00:00,0.8567436420454484,-0.000511228223290798,0.005195982731247651,-0.009677249212734136,0.024673804859286733,1.142517378781635,1.4813437959621636,8.350430581518314
True,0.011714713143324486,[-3.90143643 -3.33891506 -3.04638277],-3.8471670647357255,0.2376146254794969,<statsmodels.regression.linear_model.RegressionResultsWrapper object at 0x7fab9a3c8730>,OPUSDT,TIAUSDT,2196,2024-01-01T00:00:00,2024-12-31T20:00:00,0.9209381773575321,0.15724238119228348,0.4597751196881901,-1.5065828490246185,0.9748735245695217,-1.4171383578143057,1.76620616332033,10.178225801262032
True,0.011918255361151741,[-3.90143643 -3.33891506 -3.04638277],-3.8416412293309543,0.031395931636531434,<statsmodels.regression.linear_model.RegressionResultsWrapper object at 0x7faba22079d0>,CRVUSDT,LINKUSDT,2196,2024-01-01T00:00:00,2024-12-31T20:00:00,0.9155152487750511,-0.02007461138067602,0.1175113510541759,-0.21723346306733132,0.44214811687029176,1.2903831570259614,1.6373168261050202,15.203682735472494
True,0.012642170725883585,[-3.90143643 -3.33891506 -3.04638277],-3.8226446027927614,114.29733348865233,<statsmodels.regression.linear_model.RegressionResultsWrapper object at 0x7fabb8e80be0>,ENSUSDT,XLMUSDT,2196,2024-01-01T00:00:00,2024-12-31T20:00:00,0.7213983158899413,5.217597145003143,8.56006343329681,-47.324128786717324,22.266924758960116,-2.0670104035998125,6.541720681920481,13.071741414851083
True,0.013044243102219799,[-3.90225328 -3.33936991 -3.04669835],-3.812506781708597,8.82414647848856,<statsmodels.regression.linear_model.RegressionResultsWrapper object at 0x7fab8b08b460>,MAVIAUSDT,MAVUSDT,1888,2024-02-21T08:00:00,2024-12-31T20:00:00,0.9450794559402541,-0.12581687927384635,0.6416275066428075,-1.35096812703578,3.5497837895442386,1.5644403951224428,3.6662492666758517,7.551407303984223
True,0.013537913074641153,[-3.90143643 -3.33891506 -3.04638277],-3.8004314030194952,23.169646752667443,<statsmodels.regression.linear_model.RegressionResultsWrapper object at 0x7faba21e4280>,ENSUSDT,XRPUSDT,2196,2024-01-01T00:00:00,2024-12-31T20:00:00,0.7767436808526075,4.733804029916564,7.963677369591356,-25.232194160942953,21.76195795819916,-1.3301952203354643,1.7128672817340345,19.12046095343458
True,0.013593294451270083,[-3.90143643 -3.33891506 -3.04638277],-3.799101170685801,0.1296240631776022,<statsmodels.regression.linear_model.RegressionResultsWrapper object at 0x7fab8abe7b20>,1000BONKUSDT,DOGEUSDT,2196,2024-01-01T00:00:00,2024-12-31T20:00:00,0.8338503363604036,0.002841332754383142,0.006953867542764187,-0.021900298991699207,0.020893880703908723,-0.8963763981779924,0.6793475219910778,14.274803780646314
True,0.013618015202131586,[-3.90250436 -3.3395097  -3.04679533],-3.7985089380595927,0.0008764918097895171,<statsmodels.regression.linear_model.RegressionResultsWrapper object at 0x7fab8b0a7040>,MYROUSDT,XMRUSDT,1810,2024-03-05T08:00:00,2024-12-31T20:00:00,-0.4551935228967626,0.006656221474247174,0.08272446054133913,-0.11531195614832718,0.3021167836214178,0.994839889973822,0.41387539825639275,11.15712560861121
True,0.013720996175177929,[-3.9035197  -3.34007484 -3.04718739],-3.796052019902233,0.013505018618194434,<statsmodels.regression.linear_model.RegressionResultsWrapper object at 0x7fab8b21fd00>,CFXUSDT,OMNIUSDT,1551,2024-04-17T12:00:00,2024-12-31T20:00:00,0.7940308056690536,0.013064996910691129,0.040178887455380057,-0.19776567753639132,0.07575983453772459,-1.0623307145204008,0.8234872551957428,4.6991711403775005
True,0.014379204826617462,[-3.90143643 -3.33891506 -3.04638277],-3.7807228201527003,8.422637926030475,<statsmodels.regression.linear_model.RegressionResultsWrapper object at 0x7faba1fd9bb0>,LTCUSDT,UNIUSDT,2196,2024-01-01T00:00:00,2024-12-31T20:00:00,0.8750195089943309,3.2923580130556287,12.800920400054942,-49.52940719632838,23.381551952088785,-0.8740476019400872,0.38834988938223036,9.48782814747021
True,0.015198176188194938,[-3.90225328 -3.33936991 -3.04669835],-3.7624918298267276,0.04639090285022268,<statsmodels.regression.linear_model.RegressionResultsWrapper object at 0x7fab99b214f0>,1000FLOKIUSDT,MAVIAUSDT,1888,2024-02-21T08:00:00,2024-12-31T20:00:00,0.18662565463837835,0.0499982721392133,0.090567144441867,-0.3261571124445444,0.2195012082687324,-1.6930353115996502,3.887441738804843,7.278975933145134
True,0.015211864741789632,[-3.90189429 -3.33917003 -3.04655967],-3.762194541493712,0.16942215335245162,<statsmodels.regression.linear_model.RegressionResultsWrapper object at 0x7fab8b054a60>,JUPUSDT,NEARUSDT,2012,2024-01-31T16:00:00,2024-12-31T20:00:00,0.7926861245596339,0.012341160489308107,0.1521501207935156,-0.6289362167419127,0.6517879443473955,0.4301502895371241,1.4952545916938402,8.848878651194454
True,0.016353277723616777,[-3.90143643 -3.33891506 -3.04638277],-3.7381967890177177,0.5769894198465961,<statsmodels.regression.linear_model.RegressionResultsWrapper object at 0x7fab8b04d370>,INJUSDT,ORDIUSDT,2196,2024-01-01T00:00:00,2024-12-31T20:00:00,0.9329383427658906,0.6945852316518603,3.3647018206647687,-13.31261816176412,9.143737602164919,-0.5448744406962484,1.1722104471047707,6.036361826291778
True,0.01691600655722308,[-3.90143643 -3.33891506 -3.04638277],-3.726903094460471,2.594081646348121,<statsmodels.regression.linear_model.RegressionResultsWrapper object at 0x7fab8b04d910>,INJUSDT,TIAUSDT,2196,2024-01-01T00:00:00,2024-12-31T20:00:00,0.8849860780529936,2.7269812044724357,6.4823228422318815,-19.489833949219424,13.039899307460965,-1.0535909053484356,0.610676836971253,13.906240501892414
True,0.018018017963102633,[-3.90143643 -3.33891506 -3.04638277],-3.7057090129483554,5.219799255237112,<statsmodels.regression.linear_model.RegressionResultsWrapper object at 0x7fab8b062310>,LDOUSDT,MAVUSDT,2196,2024-01-01T00:00:00,2024-12-31T20:00:00,0.9059169110445429,0.12798951528646058,0.41467649233269527,-1.3197701067963599,1.6933920317577447,-0.1023501309983145,0.446814228014635,9.648289869732878
True,0.018146962087761447,[-3.90143643 -3.33891506 -3.04638277],-3.7033038443044526,73.6807615448143,<statsmodels.regression.linear_model.RegressionResultsWrapper object at 0x7faba171a9a0>,BCHUSDT,NEARUSDT,2196,2024-01-01T00:00:00,2024-12-31T20:00:00,0.8446660523361981,6.50975982925976,58.895916656303015,-213.99748575310275,200.58586598894271,-0.20173866349061312,0.9382869470168105,8.253784377799258
True,0.018241656953746917,[-3.90225328 -3.33936991 -3.04669835],-3.7015470209492203,0.2085205685256058,<statsmodels.regression.linear_model.RegressionResultsWrapper object at 0x7faba1fd9520>,MAGICUSDT,MAVIAUSDT,1888,2024-02-21T08:00:00,2024-12-31T20:00:00,0.9564764842687804,0.0634045464546366,0.12839399453312267,-0.5082692944638856,0.3787182137701843,-0.9076954010841757,1.2952496638911999,8.257060391971592
True,0.01835852398560889,[-3.90143643 -3.33891506 -3.04638277],-3.6993898094433053,0.19506862240872871,<statsmodels.regression.linear_model.RegressionResultsWrapper object at 0x7fab993c2970>,XLMUSDT,XRPUSDT,2196,2024-01-01T00:00:00,2024-12-31T20:00:00,0.9381616536375195,0.001390607821893304,0.03650152876937132,-0.08319716615986622,0.313689343707293,3.7542741423067394,22.331821926931116,11.797281265214824
True,0.018772827194452356,[-3.90143643 -3.33891506 -3.04638277],-3.691837776566425,395.57393560726103,<statsmodels.regression.linear_model.RegressionResultsWrapper object at 0x7faba1fdd040>,LTCUSDT,XLMUSDT,2196,2024-01-01T00:00:00,2024-12-31T20:00:00,0.7892622908760711,21.401420604421634,30.95026134116965,-135.89487304450964,56.284378647269,-2.5802621137606776,6.1901635312213195,24.04103037262004
True,0.019192942676176415,[-3.90143643 -3.33891506 -3.04638277],-3.684326989176205,4.468621347487198e-05,<statsmodels.regression.linear_model.RegressionResultsWrapper object at 0x7fab8abf9d30>,1000BONKUSDT,BNBUSDT,2196,2024-01-01T00:00:00,2024-12-31T20:00:00,0.7228889757328264,-0.00031850023542471856,0.006435563649430551,-0.01060644740415315,0.03150616790865478,1.6250714469262095,3.05586809808009,10.182054460202515
True,0.01938854271003101,[-3.90143643 -3.33891506 -3.04638277],-3.680878906406622,0.049898478510290355,<statsmodels.regression.linear_model.RegressionResultsWrapper object at 0x7fab8b2266a0>,CFXUSDT,WLDUSDT,2196,2024-01-01T00:00:00,2024-12-31T20:00:00,0.8700186137235785,0.02657029212714558,0.05739504798165739,-0.2589623000918869,0.1294381694148588,-1.6696106804090114,3.249506311379103,11.408202819945245
True,0.019468803396773694,[-3.90250436 -3.3395097  -3.04679533],-3.6794728246477497,0.799489388231745,<statsmodels.regression.linear_model.RegressionResultsWrapper object at 0x7fab8b0a0d60>,MYROUSDT,TRXUSDT,1810,2024-03-05T08:00:00,2024-12-31T20:00:00,-0.41023142105327515,0.021429326777140902,0.09543154816430813,-0.2319446651168145,0.32816465526022803,0.5174997817976238,-0.12408723089758178,13.427305294580803
True,0.01967808498281201,[-3.90143643 -3.33891506 -3.04638277],-3.675830062537864,0.07445446172296,<statsmodels.regression.linear_model.RegressionResultsWrapper object at 0x7fab8b0858b0>,MAGICUSDT,TIAUSDT,2196,2024-01-01T00:00:00,2024-12-31T20:00:00,0.9651263279939579,0.010003857587878608,0.09076183021281874,-0.3622265743405544,0.31104843415413286,-0.5716770911439523,1.3376571951635432,6.2314972365014585
True,0.020055805486189036,[-3.90278178 -3.33966413 -3.04690247],-3.6693400531904703,1.3626021922548472,<statsmodels.regression.linear_model.RegressionResultsWrapper object at 0x7fab785327f0>,ETHFIUSDT,OPUSDT,1731,2024-03-18T12:00:00,2024-12-31T20:00:00,0.8611907094283409,-0.10142214710748998,0.767804229471974,-1.66971186837189,2.9247995456556914,0.9271176798708402,-0.1917663358644277,12.223207265064916
True,0.021182608171371582,[-3.90143643 -3.33891506 -3.04638277],-3.6505921151386165,0.04171314092090817,<statsmodels.regression.linear_model.RegressionResultsWrapper object at 0x7fab99900220>,ARBUSDT,INJUSDT,2196,2024-01-01T00:00:00,2024-12-31T20:00:00,0.9336959188242392,-0.05000877036913278,0.26139896511289457,-0.47928536418442347,0.7377252700626737,0.8145235947035497,-0.30399117738833903,14.130140621889124
True,0.02198260744525598,[-3.90225328 -3.33936991 -3.04669835],-3.637800695557121,1.3325465264371266,<statsmodels.regression.linear_model.RegressionResultsWrapper object at 0x7fab8b08b8e0>,MAVIAUSDT,OPUSDT,1888,2024-02-21T08:00:00,2024-12-31T20:00:00,0.9405145116107753,-0.233217485597336,0.8932644593806658,-2.0131212047785976,3.225256917935682,1.208712915122323,1.3557838035141616,8.934109036632158
True,0.02318565234030611,[-3.90225328 -3.33936991 -3.04669835],-3.619304637951688,0.010612732796100453,<statsmodels.regression.linear_model.RegressionResultsWrapper object at 0x7fab993b11c0>,GALAUSDT,MAVIAUSDT,1888,2024-02-21T08:00:00,2024-12-31T20:00:00,0.7401402995119973,0.005552756095341464,0.012989955022278463,-0.05324742162123651,0.04188075358623221,-1.2637361341854527,5.433985558483672,6.826563173913299
True,0.023365694139647356,[-3.90225328 -3.33936991 -3.04669835],-3.6166084264755796,0.3091448460851146,<statsmodels.regression.linear_model.RegressionResultsWrapper object at 0x7fab999009a0>,ARBUSDT,MAVIAUSDT,1888,2024-02-21T08:00:00,2024-12-31T20:00:00,0.949740603976363,0.10076269253608551,0.20253601435728272,-0.8079734248950503,0.6150103877250351,-0.6853614069548903,1.515461913693593,8.065274611930523
True,0.023466236139444832,[-3.90143643 -3.33891506 -3.04638277],-3.615110567729791,15.882657637401852,<statsmodels.regression.linear_model.RegressionResultsWrapper object at 0x7fab8b070460>,LINKUSDT,XTZUSDT,2196,2024-01-01T00:00:00,2024-12-31T20:00:00,0.8952147210499245,0.22325088693554848,1.9686894355564777,-8.53340582105638,7.839391470164177,-0.10718510771107875,0.7554171615926379,8.293097376311707
True,0.02390846495700061,[-3.90143643 -3.33891506 -3.04638277],-3.608587436385634,0.00814386575561536,<statsmodels.regression.linear_model.RegressionResultsWrapper object at 0x7fab8b08b610>,MAVUSDT,ORDIUSDT,2196,2024-01-01T00:00:00,2024-12-31T20:00:00,0.8851099367104232,-0.01217920769831283,0.09251742322364183,-0.2935646948349818,0.3233886675930779,0.6663501460401866,0.18701372515845538,9.4633579066305
True,0.024079442669352254,[-3.90143643 -3.33891506 -3.04638277],-3.6060933208882635,0.12750410687926317,<statsmodels.regression.linear_model.RegressionResultsWrapper object at 0x7fab999993a0>,1000BONKUSDT,XLMUSDT,2196,2024-01-01T00:00:00,2024-12-31T20:00:00,0.6526525035858134,0.0054653227867627815,0.010174336579202683,-0.03001961515176766,0.029607333744341675,-0.9469468713991641,0.8222942415723438,14.341441898629403
True,0.024244795468351545,[-3.90250436 -3.3395097  -3.04679533],-3.603695755063247,0.0036450241360190742,<statsmodels.regression.linear_model.RegressionResultsWrapper object at 0x7fab8b09ac10>,MYROUSDT,ORDIUSDT,1810,2024-03-05T08:00:00,2024-12-31T20:00:00,0.8846287350032209,-0.00566110703074436,0.03863460014580704,-0.07818858476199594,0.15796886608642263,1.4018761514831775,2.066694081406099,7.361566816261713
True,0.025856327425270456,[-3.90143643 -3.33891506 -3.04638277],-3.5810389102181297,2.9322962651801694,<statsmodels.regression.linear_model.RegressionResultsWrapper object at 0x7fab99900b80>,ARBUSDT,MAVUSDT,2196,2024-01-01T00:00:00,2024-12-31T20:00:00,0.9352931484622636,0.023224695916630685,0.1918272948387399,-0.766573975216005,0.9082816004351992,0.6445552488971877,3.5150328868835183,8.559642951943822
True,0.026120368501276192,[-3.90143643 -3.33891506 -3.04638277],-3.5774432653859334,4.949453296893107e-05,<statsmodels.regression.linear_model.RegressionResultsWrapper object at 0x7fab99f80850>,1000SHIBUSDT,BCHUSDT,2196,2024-01-01T00:00:00,2024-12-31T20:00:00,0.8790981099816327,-0.00023841627938448837,0.003350107269847993,-0.00775763522139503,0.021106989560940155,1.8258834606874932,5.255405172650756,8.03534060511376
True,0.02618392960521897,[-3.90585737 -3.34137524 -3.04808939],-3.5765823738929545,0.4373435861698587,<statsmodels.regression.linear_model.RegressionResultsWrapper object at 0x7fab9937f700>,ETHFIUSDT,ZROUSDT,1167,2024-06-20T12:00:00,2024-12-31T20:00:00,0.38845986126080817,0.05138725271774603,0.5586600493216904,-0.6804114603866691,2.230963075818992,2.3842538755761686,5.874087855572866,7.118409422153198
True,0.026187328970259265,[-3.90189429 -3.33917003 -3.04655967],-3.5765363824403877,429.69117744943065,<statsmodels.regression.linear_model.RegressionResultsWrapper object at 0x7faba171a2e0>,BCHUSDT,JUPUSDT,2012,2024-01-31T16:00:00,2024-12-31T20:00:00,0.8282896537086677,5.970151357830304,57.82187591417712,-244.46139851240457,242.63840529152367,-0.059273540298498545,1.6861582116904539,7.512158424413053
True,0.02629461098470492,[-3.9035197  -3.34007484 -3.04718739],-3.575087547563647,0.32936207103503284,<statsmodels.regression.linear_model.RegressionResultsWrapper object at 0x7fabb87d4b20>,OMNIUSDT,ORDIUSDT,1551,2024-04-17T12:00:00,2024-12-31T20:00:00,0.7002180427309094,-0.1801829224282896,3.424571907238285,-5.721077232214025,17.792819227233082,1.2613645816800527,1.5372472917944817,4.558389096894098
True,0.026357713343525574,[-3.90313045 -3.33985821 -3.04703711],-3.574237725831218,0.13020439554955682,<statsmodels.regression.linear_model.RegressionResultsWrapper object at 0x7faba21c2e20>,ENAUSDT,FILUSDT,1641,2024-04-02T12:00:00,2024-12-31T20:00:00,0.8943537436496332,-0.02557144325907526,0.16301768777232,-0.4334920940327295,0.5258441079729177,0.8198352164402952,0.09364139099696311,8.454499282987044
True,0.02736566750584368,[-3.90143643 -3.33891506 -3.04638277],-3.560894666627223,0.013706811950047144,<statsmodels.regression.linear_model.RegressionResultsWrapper object at 0x7faba96d2c70>,EDUUSDT,ORDIUSDT,2196,2024-01-01T00:00:00,2024-12-31T20:00:00,0.6644414311719152,0.03547418312953934,0.16113623484858586,-0.4581076848269726,0.6203796505165753,-0.6255024395855135,0.8773203433398025,10.237053180447758
True,0.027873986149073833,[-3.90143643 -3.33891506 -3.04638277],-3.5543248409155996,0.554101719016002,<statsmodels.regression.linear_model.RegressionResultsWrapper object at 0x7fab99f73d30>,1000SHIBUSDT,GALAUSDT,2196,2024-01-01T00:00:00,2024-12-31T20:00:00,0.8080999874606883,0.001043006530615409,0.004655836090129086,-0.012987999282954486,0.01893188162708975,-0.2019836026494238,-0.44131968687596634,9.166144106449742
True,0.02867818203097313,[-3.90143643 -3.33891506 -3.04638277],-3.544137496274958,0.5050519095634936,<statsmodels.regression.linear_model.RegressionResultsWrapper object at 0x7fab9933bac0>,CRVUSDT,XTZUSDT,2196,2024-01-01T00:00:00,2024-12-31T20:00:00,0.9269625169508803,-0.019185695529223726,0.10649872842675744,-0.25066838157702565,0.5332100944998788,2.2381414649756155,5.59205125477218,13.041582659336191
True,0.02916762838828142,[-3.90143643 -3.33891506 -3.04638277],-3.538056303382523,4.38248489623725,<statsmodels.regression.linear_model.RegressionResultsWrapper object at 0x7fabb8e8a5b0>,ETCUSDT,FILUSDT,2196,2024-01-01T00:00:00,2024-12-31T20:00:00,0.8730614488068019,1.1310052998691866,4.264683488125719,-13.3326437824364,7.903173532996213,-1.5045056583551617,1.2740756344832098,10.53945378181763
True,0.030702992439483708,[-3.9035197  -3.34007484 -3.04718739],-3.5195292100861466,0.12137525495851503,<statsmodels.regression.linear_model.RegressionResultsWrapper object at 0x7fab993936a0>,FETUSDT,OMNIUSDT,1551,2024-04-17T12:00:00,2024-12-31T20:00:00,0.7931971029751171,0.08682713483808206,0.34088934166977974,-1.8658604088131363,0.8042955365995563,-0.9474679387900291,1.1479643020475336,4.296066628679401
True,0.030827304227753052,[-3.90143643 -3.33891506 -3.04638277],-3.518063963916446,0.11559376766980983,<statsmodels.regression.linear_model.RegressionResultsWrapper object at 0x7fab99987430>,EDUUSDT,FILUSDT,2196,2024-01-01T00:00:00,2024-12-31T20:00:00,0.8060129702192967,0.026548200672009376,0.12572838456041113,-0.3925324874036713,0.4632974908586974,-0.12305778002814843,-0.6686842237532735,10.583574431210069
True,0.030911777888556636,[-3.90171817 -3.33907196 -3.04649163],-3.517071152637,0.026773657109070467,<statsmodels.regression.linear_model.RegressionResultsWrapper object at 0x7fab7851c700>,1000BONKUSDT,ONDOUSDT,2079,2024-01-20T12:00:00,2024-12-31T20:00:00,0.6958822205776239,0.00162404638735974,0.0074085648853790724,-0.02056488098704468,0.03261858969022001,0.5412140207111938,1.8554137605876106,10.64384673155643
True,0.031068383191694107,[-3.90225328 -3.33936991 -3.04669835],-3.5152366785877986,0.2528581000218263,<statsmodels.regression.linear_model.RegressionResultsWrapper object at 0x7fab7882c4c0>,JUPUSDT,MAVIAUSDT,1888,2024-02-21T08:00:00,2024-12-31T20:00:00,0.19810619106186633,0.27903915283608643,0.4685533398532462,-1.5659604245318777,0.9005885744477203,-2.0732733442189004,4.255967288251139,7.974094699342878
True,0.032825209086085445,[-3.90250436 -3.3395097  -3.04679533],-3.495178440685323,0.030076064798666657,<statsmodels.regression.linear_model.RegressionResultsWrapper object at 0x7faba2dd51f0>,MYROUSDT,PENDLEUSDT,1810,2024-03-05T08:00:00,2024-12-31T20:00:00,0.20754842053391617,0.005453304076086816,0.07446134791846729,-0.10785510073247194,0.3453906174588231,1.8033315092042697,3.774906747190345,8.6206117838088
True,0.0335998507152199,[-3.90143643 -3.33891506 -3.04638277],-3.4866224136032624,0.5519421317483709,<statsmodels.regression.linear_model.RegressionResultsWrapper object at 0x7fab998f9e50>,ARBUSDT,LDOUSDT,2196,2024-01-01T00:00:00,2024-12-31T20:00:00,0.9596622641153829,-0.029041492144133988,0.16570302150180902,-0.5385816195355645,0.36897261390397196,0.03124698035466905,0.2569062303329157,9.880372242035032
True,0.03371367543798002,[-3.90278178 -3.33966413 -3.04690247],-3.485379320902861,10.754402646191519,<statsmodels.regression.linear_model.RegressionResultsWrapper object at 0x7faba1700a90>,AVAXUSDT,ETHFIUSDT,1731,2024-03-18T12:00:00,2024-12-31T20:00:00,0.6535031192409305,4.1753780645727145,10.950914289950218,-31.14716738694493,28.866263743882463,-0.3637903355561005,-0.7527447376820358,13.215009082643387
True,0.03389833672854777,[-3.90143643 -3.33891506 -3.04638277],-3.4833701527969176,0.03741450848485062,<statsmodels.regression.linear_model.RegressionResultsWrapper object at 0x7faba2e359a0>,CFXUSDT,FILUSDT,2196,2024-01-01T00:00:00,2024-12-31T20:00:00,0.8804425455099305,0.0004142814121961995,0.036338834335768996,-0.11071507049275214,0.2119597813339208,1.1977455649441457,5.069993670478279,9.302445750916446
True,0.03402764957122505,[-3.90143643 -3.33891506 -3.04638277],-3.481968700332752,25.57082788665966,<statsmodels.regression.linear_model.RegressionResultsWrapper object at 0x7faba21f2400>,ETCUSDT,XTZUSDT,2196,2024-01-01T00:00:00,2024-12-31T20:00:00,0.896115849077597,0.669425815265967,3.3097898921904623,-11.677682309281295,8.678713507673319,-0.9289051861509068,0.9465749019243752,10.230371281957725
True,0.0347014824407916,[-3.90585737 -3.34137524 -3.04808939],-3.474737995328136,0.04834809992499994,<statsmodels.regression.linear_model.RegressionResultsWrapper object at 0x7fab8b09aa60>,MAVUSDT,ZROUSDT,1167,2024-06-20T12:00:00,2024-12-31T20:00:00,0.5310177564655336,0.0059966999598563085,0.044144018631043426,-0.08921725161383215,0.17544369392672515,1.6502798516594948,4.3550203841924615,7.1272613703992524
True,0.03649605071142609,[-3.90225328 -3.33936991 -3.04669835],-3.4560438416173866,2.0303247986878707,<statsmodels.regression.linear_model.RegressionResultsWrapper object at 0x7fab99342c70>,CYBERUSDT,MAVIAUSDT,1888,2024-02-21T08:00:00,2024-12-31T20:00:00,0.8873867301680097,0.5271930041116931,1.701968551714975,-7.706083160503724,4.121754173752745,-1.8673029001680121,5.592308132762147,6.775767968483988
True,0.037311779167106665,[-3.90211179 -3.33929113 -3.0466437 ],-3.4478014699540336,11.882267607957246,<statsmodels.regression.linear_model.RegressionResultsWrapper object at 0x7faba21dc160>,ENSUSDT,OMUSDT,1935,2024-02-13T12:00:00,2024-12-31T20:00:00,0.6220483968807605,6.691655345572883,9.880472595727113,-33.186077028385,25.584664917849025,-1.0513500023138282,1.7650662091308145,18.8884043515434
True,0.03764458193450418,[-3.90143643 -3.33891506 -3.04638277],-3.4444822238985076,0.315342286126087,<statsmodels.regression.linear_model.RegressionResultsWrapper object at 0x7fab787ebf10>,CFXUSDT,EDUUSDT,2196,2024-01-01T00:00:00,2024-12-31T20:00:00,0.8194287433888338,-0.0026870482851403567,0.04519816754653648,-0.13722497395368533,0.19146126646043954,0.9895219614496233,1.386601344709197,10.90267135595876
True,0.03854414529165521,[-3.90143643 -3.33891506 -3.04638277],-3.4356321686457973,0.024409402455377375,<statsmodels.regression.linear_model.RegressionResultsWrapper object at 0x7fab99801940>,ARBUSDT,ORDIUSDT,2196,2024-01-01T00:00:00,2024-12-31T20:00:00,0.9245218193080711,-0.03657022058268343,0.22745291166101692,-0.5124381198135096,0.5631450231197694,0.41984004692590615,-0.6854945498014082,10.798346880631662
True,0.038599587845182255,[-3.90143643 -3.33891506 -3.04638277],-3.435092410618638,14.299371763503586,<statsmodels.regression.linear_model.RegressionResultsWrapper object at 0x7fabb86bf9a0>,ATOMUSDT,SEIUSDT,2196,2024-01-01T00:00:00,2024-12-31T20:00:00,0.9049140847832664,0.1254580787440691,1.1538693567366738,-4.0388432194872355,3.0085632284733332,-0.65100515293743,-0.1361080923722704,7.872892231881167
True,0.03914371672781471,[-3.90335869 -3.33998523 -3.04712523],-3.4298293034536558,0.0013216923273016384,<statsmodels.regression.linear_model.RegressionResultsWrapper object at 0x7faba21c20d0>,EDUUSDT,TAOUSDT,1587,2024-04-11T12:00:00,2024-12-31T20:00:00,0.038933135726721614,0.04724006058572237,0.19288990538518086,-0.33106901012564716,0.5592566114371936,0.06447272264670847,-1.245425706502915,16.67388803570401
True,0.03941444541185016,[-3.90143643 -3.33891506 -3.04638277],-3.427233489993059,1.0099044823106706,<statsmodels.regression.linear_model.RegressionResultsWrapper object at 0x7fab8a9e36d0>,DOGEUSDT,XLMUSDT,2196,2024-01-01T00:00:00,2024-12-31T20:00:00,0.8762168831289671,0.016438858626681846,0.0512927893929823,-0.1650249709444676,0.28929620921996113,1.0948572004438466,5.323889706736752,10.971313776796281
True,0.03943452438070594,[-3.90143643 -3.33891506 -3.04638277],-3.4270415637370157,35.38729791208302,<statsmodels.regression.linear_model.RegressionResultsWrapper object at 0x7fabb8c11a00>,AVAXUSDT,XTZUSDT,2196,2024-01-01T00:00:00,2024-12-31T20:00:00,0.9055705198448799,0.4537574923559547,4.173788454921368,-16.630377812958628,18.43660116582995,-0.37030023594908795,1.978589298257467,9.124516378461127
True,0.0415060183186707,[-3.90143643 -3.33891506 -3.04638277],-3.4076669278119547,0.20192604463190983,<statsmodels.regression.linear_model.RegressionResultsWrapper object at 0x7fab8b062e80>,LDOUSDT,TIAUSDT,2196,2024-01-01T00:00:00,2024-12-31T20:00:00,0.9117945187515303,0.11321295373259109,0.3931266403776197,-1.2661762107756238,1.1568175825181393,-0.10799957177716192,0.7402088244889433,10.051390246830431
True,0.04187121044878606,[-3.90143643 -3.33891506 -3.04638277],-3.404335460785912,0.28646202623596423,<statsmodels.regression.linear_model.RegressionResultsWrapper object at 0x7faba16f32e0>,ATOMUSDT,INJUSDT,2196,2024-01-01T00:00:00,2024-12-31T20:00:00,0.9172851656977531,-0.06481544597453699,1.0547595093486763,-2.5955737429394485,3.0881896351061595,0.14432266385219997,-0.8238057597246424,8.995828879393999
True,0.04191892263711465,[-3.90168782 -3.33905505 -3.0464799 ],-3.4039019987653183,0.07102078243036199,<statsmodels.regression.linear_model.RegressionResultsWrapper object at 0x7fab99b21520>,1000FLOKIUSDT,WIFUSDT,2091,2024-01-18T12:00:00,2024-12-31T20:00:00,0.8749547975917753,0.004363200694015951,0.033425804858659425,-0.08874076727862407,0.14849455738490833,0.16766754285060234,1.0725531905256607,8.482754643623606
True,0.0421852400307902,[-3.90278178 -3.33966413 -3.04690247],-3.4014900550729212,0.07041098461003199,<statsmodels.regression.linear_model.RegressionResultsWrapper object at 0x7fab993798b0>,ETHFIUSDT,ORDIUSDT,1731,2024-03-18T12:00:00,2024-12-31T20:00:00,0.8053538722829616,-0.09051493053031606,0.8654767002229362,-1.4438315162621553,3.5635474466089354,0.8866992523558923,0.25984222073394614,12.681554870603541
True,0.04250704156437553,[-3.90143643 -3.33891506 -3.04638277],-3.3985924928381364,0.7876515963197079,<statsmodels.regression.linear_model.RegressionResultsWrapper object at 0x7fab8aede130>,TRXUSDT,XLMUSDT,2196,2024-01-01T00:00:00,2024-12-31T20:00:00,0.8202416887436526,0.033068771508079256,0.052466965353909725,-0.25807764577126124,0.09654306968025453,-2.5070486704051302,8.609545933922892,12.792794713089954
True,0.04347123408742955,[-3.90143643 -3.33891506 -3.04638277],-3.390018791895548,0.11404865602127287,<statsmodels.regression.linear_model.RegressionResultsWrapper object at 0x7fab99801e50>,ARBUSDT,TIAUSDT,2196,2024-01-01T00:00:00,2024-12-31T20:00:00,0.9724256497297734,0.009191302977970944,0.12420832719041501,-0.43476968898832946,0.5930398234905683,0.43647215370838943,1.0118160009154593,6.160414786673923
True,0.043984643277377306,[-3.90250436 -3.3395097  -3.04679533],-3.3855178892881987,0.11145806458106082,<statsmodels.regression.linear_model.RegressionResultsWrapper object at 0x7faba2df6700>,MYROUSDT,XRPUSDT,1810,2024-03-05T08:00:00,2024-12-31T20:00:00,-0.22754412448795186,0.05734315732345632,0.1064348441375759,-0.2079430866370516,0.35603633027801795,-0.35124979322918126,0.4951079245150858,18.47461218357348
True,0.04404104221831508,[-3.90143643 -3.33891506 -3.04638277],-3.3850261237098374,1.1139426428092478,<statsmodels.regression.linear_model.RegressionResultsWrapper object at 0x7fabb8aa56d0>,ALGOUSDT,XLMUSDT,2196,2024-01-01T00:00:00,2024-12-31T20:00:00,0.8763915408946087,0.031552600830849674,0.05944130079138166,-0.3535273600076238,0.15762636878921454,-2.3485306067304768,9.647863244460359,12.891012326097762
True,0.044348213589103874,[-3.9035197  -3.34007484 -3.04718739],-3.382356920717152,4.084889843526265,<statsmodels.regression.linear_model.RegressionResultsWrapper object at 0x7fab78a00700>,OMNIUSDT,WLDUSDT,1551,2024-04-17T12:00:00,2024-12-31T20:00:00,0.8834599791934218,0.5281522309622421,2.4447867154951073,-7.492032404634379,11.30305370326742,-0.706683601068008,2.025462622328689,5.804035526548301
True,0.044951104789070925,[-3.90143643 -3.33891506 -3.04638277],-3.3771623628583662,2.2190645172054912,<statsmodels.regression.linear_model.RegressionResultsWrapper object at 0x7fab993c8fd0>,1000BONKUSDT,1000PEPEUSDT,2196,2024-01-01T00:00:00,2024-12-31T20:00:00,0.8922145694632371,0.002783776261487818,0.006178521904145851,-0.01981612006722852,0.024639291788606774,-0.5107672004844949,0.9758107760867185,13.040256410123243
True,0.04600205022689831,[-3.90313045 -3.33985821 -3.04703711],-3.368243948457714,19.73479792888564,<statsmodels.regression.linear_model.RegressionResultsWrapper object at 0x7faba21c2fd0>,ENAUSDT,GALAUSDT,1641,2024-04-02T12:00:00,2024-12-31T20:00:00,0.9310759616693672,-0.011826143425818038,0.11288582678683211,-0.43963309355296987,0.47000374378207443,1.146983109759712,2.099676409236528,5.359399860522988
True,0.0464593676980006,[-3.90143643 -3.33891506 -3.04638277],-3.3644157479835872,6.071821422160234,<statsmodels.regression.linear_model.RegressionResultsWrapper object at 0x7faba1706160>,AVAXUSDT,FILUSDT,2196,2024-01-01T00:00:00,2024-12-31T20:00:00,0.8767295640273653,1.0546039042367217,5.399435229244413,-28.24394053234345,13.930196674618202,-1.6478053600541196,5.18277585016599,10.707081463132933
True,0.047929866534352016,[-3.9035197  -3.34007484 -3.04718739],-3.352313888749141,6.319190670331877,<statsmodels.regression.linear_model.RegressionResultsWrapper object at 0x7fab8b0adcd0>,OMNIUSDT,OPUSDT,1551,2024-04-17T12:00:00,2024-12-31T20:00:00,0.7552903840055398,-0.16219606751439547,3.0981094885491656,-5.622346758697141,17.677660818661273,1.504135331214227,3.2749111782359455,4.038778944661063
True,0.04883325400767781,[-3.90250436 -3.3395097  -3.04679533],-3.3450304666189936,0.05575654384728557,<statsmodels.regression.linear_model.RegressionResultsWrapper object at 0x7fab8b0a07c0>,MYROUSDT,SUIUSDT,1810,2024-03-05T08:00:00,2024-12-31T20:00:00,-0.17488322121476804,0.04816926610230008,0.1035740782564874,-0.19317802464674147,0.34418933192836076,-0.15963924901590143,-0.10383680823697539,18.10687847680211
True,0.04969973793884171,[-3.9035197  -3.34007484 -3.04718739],-3.338148195687588,0.2034416683933594,<statsmodels.regression.linear_model.RegressionResultsWrapper object at 0x7faba21f21f0>,ETHFIUSDT,OMNIUSDT,1551,2024-04-17T12:00:00,2024-12-31T20:00:00,0.9048625242313091,-0.012261212450875532,0.4565229338178189,-2.883760553562008,1.8454304314573609,-0.0632045301293211,4.3543864323970745,4.030692167948258
